y1,x1,z1,t1
15.616016412908312,1.9750751633193917,0.4967141530112327,0
10.737304246389403,0.4964868839933285,-0.13826430117118466,0
25.365410449449733,4.515411979676851,0.6476885381006925,1
32.23836466020117,6.465971404726009,1.5230298564080254,1
14.856225741605936,2.2437994037505606,-0.23415337472333597,0
20.889140613551138,3.0913715114679077,-0.23413695694918055,1
21.70733140778632,3.955821401117653,1.5792128155073915,0
24.844701431096627,4.224453784882053,0.7674347291529088,1
21.506244380406077,3.2643492507227956,-0.4694743859349521,1
22.644264961825577,3.9654114311881328,0.5425600435859647,1
22.814949886400903,3.8780012740225067,-0.46341769281246226,1
15.250590776328021,1.5155388777105037,-0.46572975357025687,1
17.085948343288365,2.0033137348965884,0.24196227156603412,0
15.814872565287077,1.4311869722050454,-1.913280244657798,1
10.690563988411872,-0.403542232447045,-1.7249178325130328,0
28.988146296542492,5.849602370119038,-0.5622875292409727,1
19.28325326528835,2.8305533440662716,-1.0128311203344238,1
20.388234813539874,3.4673164020509004,0.3142473325952739,1
9.824359242631386,0.5424996396291106,-0.9080240755212109,0
10.231758400586342,0.10529811453061111,-1.4123037013352915,1
30.12074686326819,6.11787340408557,1.465648768921554,1
20.49356350003825,2.828279492269438,-0.22577630048653566,1
17.468857045744006,3.0166825825920474,0.06752820468792384,0
8.835050652328954,-0.6866625539157203,-1.4247481862134568,0
12.7169189405675,1.0666599974169795,-0.5443827245251827,0
14.739271141466736,1.5308260431603955,0.11092258970986608,0
25.149303585415055,4.0123609857198765,-1.1509935774223028,1
17.62375210006732,2.2423042614005966,0.37569801834567196,0
26.026266377897148,4.931599008600994,-0.600638689918805,1
16.238641186869764,2.3766111374283514,-0.2916937497932768,0
12.586705025644568,1.5795068089912907,-0.6017066122293969,0
32.22229795300035,7.147150424080926,1.8522781845089378,1
24.409524144500356,4.373551461109351,-0.013497224737933921,1
4.470103554510434,-1.5142389727794605,-1.0577109289559004,0
26.233544954919772,4.954933974004026,0.822544912103189,1
20.61852937164213,3.013892496227788,-1.2208436499710222,1
16.568338645291004,2.2643982090330277,0.2088635950047554,0
9.815912321306826,-0.3446950326232383,-1.9596701238797756,1
17.53460410019138,1.955316476074885,-1.3281860488984305,1
29.940132759746938,5.999397370059176,0.19686123586912352,1
21.97337567914066,4.354591585527835,0.7384665799954104,0
25.496077617003042,4.195048412418924,0.1713682811899705,1
18.235342428142914,2.777976853475726,-0.11564828238824053,0
13.564361931688891,1.181837436248015,-0.3011036955892888,0
4.943250706122978,-1.9216545723778597,-1.4785219903674274,0
10.22051922909865,-0.004232300721617288,-0.7198442083947086,0
27.068928470118795,4.871930612068517,-0.4606387709597875,1
27.722194937699033,5.31169025749907,1.0571222262189157,1
23.703692990292584,4.272043454977674,0.3436182895684614,1
7.528308237249158,-0.9443984293189813,-1.763040155362734,0
22.027061423674937,4.390262543665199,0.324083969394795,0
19.25356618998929,3.0483354947375885,-0.38508228041631654,0
27.076961708323125,5.203397232989196,-0.6769220003059587,1
18.067290811311214,2.7584692228612506,0.6116762888408679,0
28.897833806034136,5.842123772491022,1.030999522495951,1
21.258983842262882,3.880277629253507,0.9312801191161986,1
16.105599516111987,2.2181081412843167,-0.8392175232226385,0
18.69805055600684,2.368401884955243,-0.3092123758512146,1
18.300868524601327,2.713670710867975,0.33126343140356396,0
23.570370348226128,4.366015163050695,0.9755451271223592,1
20.842823290344807,2.692371816493369,-0.47917423784528995,1
11.786572463649222,0.8842491039545739,-0.18565897666381712,0
10.167324035472156,-0.2673777216848602,-1.1063349740060282,0
16.926896444061732,1.6665673607300153,-1.1962066240806708,1
24.865332506154857,4.67051993866622,0.812525822394198,1
26.378392756519133,4.867693954636541,1.356240028570823,0
18.667729241944457,2.7871220245669788,-0.07201012158033385,1
29.59667649516571,5.725840773851903,1.0035328978920242,1
29.781821887674006,5.76041318987701,0.36163602504763415,1
10.886751801660107,0.5191240035789176,-0.6451197546051243,0
24.36498885260939,3.8241745175150195,0.36139560550841393,1
29.479544158957157,6.076530224518703,1.5380365664659692,1
19.666652078367207,3.125986149695783,-0.03582603910995154,0
23.883541182794318,4.541073114674367,1.5646436558140062,0
9.983195406302809,-0.46083195074221484,-2.6197451040897444,1
21.96099949641241,3.716730407750876,0.8219025043752238,0
21.378324078114712,3.0282784525208335,0.08704706823817122,1
14.95001348099426,2.2328484847441468,-0.29900735046586746,0
18.943085660393216,2.546248472505021,0.0917607765355023,0
11.970022482843655,0.7108381569597765,-1.9875689146008928,1
13.528265313731161,0.8319063697965011,-0.21967188783751193,0
23.57366894178007,3.6489879349841625,0.3571125715117464,1
23.164008780159357,4.751658403458184,1.477894044741516,0
24.44391123728119,4.451575175078591,-0.5182702182736474,1
9.344150877408335,0.14995184863142386,-0.8084936028931876,0
14.902332384235303,1.7057511381746795,-0.5017570435845365,0
21.050194189667387,3.2860761579510425,0.9154021177020741,1
16.505187333766322,1.9085089338323271,0.32875110965968446,0
22.333211030555226,3.1743007614785395,-0.5297602037670388,1
16.976337008854557,1.8602177326882003,0.5132674331133561,0
20.565161821119094,3.2091099492324653,0.09707754934804039,1
18.146341914246815,2.785187929330448,0.9686449905328892,0
19.533901070310083,3.2391130875103444,-0.7020530938773524,1
13.157663218594731,1.321177761696973,-0.3276621465977682,0
8.485671244027833,-0.8263934630232086,-0.39210815313215763,0
4.6676650990485005,-2.315972574833244,-1.4635149481321186,0
14.277596841339143,1.8373152377396884,0.29612027706457605,0
25.455344223817264,4.849269494323386,0.26105527217988933,1
7.7540902697564436,-0.7398346577615431,0.00511345664246089,0
21.225328530176554,3.148389123785649,-0.23458713337514692,1
7.242484571299226,-0.6493039695930425,-1.4153707420504142,0
18.696170426645317,2.757369794060409,-0.42064532276535904,0
20.328879893420027,3.100906413496982,-0.3427145165267695,1
21.02426697184722,3.1795730809085003,-0.8022772692216189,1
16.24426996576905,1.8993285725884494,-0.16128571166600914,0
11.43295168605476,0.4755098054146072,0.4040508568145384,0
26.35607231481603,5.597486068447532,1.8861859012105302,0
24.822179870186307,4.477263224704046,0.17457781283183896,1
26.095419718070875,4.894594225758737,0.25755039072276437,1
27.0736954684791,5.814568832787076,-0.07444591576616721,0
8.354394649991445,-0.9622697624471508,-1.9187712152990415,1
30.153424680266568,5.684925836587284,-0.026513875449216878,1
23.46961283447479,3.8028977955111842,0.06023020994102644,1
35.15109590136365,7.982192073130938,2.463242112485286,1
15.694793327091958,1.665946307527074,-0.19236096478112252,0
15.750434550551116,2.028084680102375,0.30154734233361247,0
15.30742288919677,1.3780994172033765,-0.03471176970524331,0
12.099117229629227,0.5764916791437111,-1.168678037619532,0
23.983879431298323,4.197060525100851,1.1428228145150205,1
29.583153075466058,5.8784787165519266,0.7519330326867741,1
16.740184394969447,2.770353515679316,0.7910319470430469,0
7.3907809673927956,-0.49415052123246617,-0.9093874547947389,0
19.76861081882595,3.6541786084083356,1.4027943109360992,0
21.10606096278616,3.1543726226741513,-1.4018510627922809,1
18.76736666053764,2.3449505536841824,0.5868570938002703,0
36.66371131696639,7.644137056924588,2.1904556258099785,1
9.987768811206239,-0.21676076341150585,-0.9905363251306883,0
16.226270241502842,1.9084752555194617,-0.5662977296027719,0
24.20389662511226,4.834984786421667,0.09965136508764122,1
26.237512256632314,5.093395352122112,-0.5034756541161992,1
7.7075389717965175,-0.5015590920984148,-1.5506634310661327,0
25.193650202649724,4.771499266966948,0.06856297480602733,1
18.845692088264574,2.504611968949787,-1.0623037137261049,1
29.046690705750233,6.0062604278157865,0.4735924306351816,1
7.726793972745907,-0.09796873895943503,-0.9194242342338032,0
33.45763101732831,7.06990692040359,1.5499344050175394,1
10.818525270397082,0.6304227653789627,-0.7832532923362371,0
22.097405509860113,3.452719548582989,-0.3220615162056756,1
22.010167601258605,3.312028310502878,0.8135172173696698,0
10.29844717374081,0.40594392177574445,-1.2308643164339552,0
14.144595053606379,2.224960858784236,0.22745993460412942,0
29.740277721902398,6.1754273145941685,1.307142754282428,1
14.6016392521596,1.1668932057203432,-1.6074832345612275,0
29.24554887446162,5.262400473413676,0.1846338585323042,1
26.04738675715618,5.258978783869533,0.25988279424842353,1
18.648283568162807,2.717194781642095,0.7818228717773104,0
14.800688859583605,1.255333105454553,-1.236950710878082,1
12.81789856152988,0.9746156386113384,-1.3204566130842763,0
31.12122076988246,5.658959140955141,0.5219415656168976,1
20.25147272840713,3.9181476856007613,0.29698467323318606,0
23.069015610143328,3.771758649549585,0.25049285034587654,1
24.838064148420784,4.290123658885117,0.3464482094969757,1
16.607222590259838,1.3404787551068298,-0.6800247215784908,1
23.465711472512794,3.955909439680633,0.23225369716100355,1
20.616588201086508,3.4361792205274693,0.29307247329868125,0
18.49428391377496,2.4619774937322503,-0.7143514180263678,1
34.08655162699898,7.439141561917959,1.8657745111447566,1
24.717546550612198,4.52024627536987,0.4738329209117875,1
12.232877237108815,0.5371017824175877,-1.1913034972026486,0
22.641806733361598,3.837139023135077,0.6565536086338297,1
19.746661226780944,2.623186944292919,-0.9746816702273214,1
18.039209990453884,2.189490934712955,0.787084603742452,1
21.77904188181953,3.5509972103491214,1.158595579007404,0
14.864116112683398,1.1385032787572944,-0.8206823183517105,1
22.180143663033014,4.651058710413299,0.9633761292443218,0
28.95165773022177,5.3965787431692585,0.4127809269364983,1
20.193551365010826,3.6997612219578158,0.82206015999449,0
35.94482076477209,8.366195701140303,1.8967929826539474,1
18.95334262146908,2.683001305170857,-0.2453881160028705,1
19.224714947308787,2.6167589513793237,-0.7537361643574896,0
20.1580855454876,3.5979199198220995,-0.8895144296255233,1
14.756936389658684,0.5397292853328965,-0.8158102849654383,0
27.615959558251415,5.019967583061788,-0.0771017094141042,1
21.939542263569155,3.405434449813332,0.3411519748166439,1
22.21667211178578,3.5905220374673554,0.27669079933001905,1
25.682109525800666,4.632185150314336,0.8271832490360238,1
22.492697817637875,3.4905251297528452,0.01300189187790702,1
20.016446004877228,3.1237434729757227,1.4535340771573169,0
19.03389791771862,2.8260978172383906,-0.2646568332379561,0
35.053778729799035,7.8213993495145955,2.720169166589619,1
27.17567954970584,5.291005990004389,0.6256673477650062,1
17.780463613232175,2.1439122989618955,-0.8571575564162826,1
13.024265576726762,0.5730579523598143,-1.0708924980611123,1
20.115068040635663,2.9937659812561996,0.4824724152431853,0
17.351209262055203,1.752550846591447,-0.2234627853258509,1
16.066711450493727,3.0023666950526695,0.714000494092092,0
22.180524970612282,3.3415413980275064,0.47323762457354485,1
21.82883408545527,3.8780326302454986,-0.07282891265687277,0
14.904807678770444,1.6411721450721144,-0.846793718068405,0
9.111930409639164,-0.16651704575731674,-1.5148472246858646,0
18.905915468648423,2.5939342495541373,-0.4465149520670211,0
25.76237310418128,4.438282214019473,0.8563987943234723,1
17.820982316772586,2.864619994865399,0.21409374413020396,0
11.40065908407673,0.33120226565073146,-1.245738778711988,0
16.599717675790043,2.523791470110443,0.173180925851182,0
20.171370544311138,3.850329569700023,0.3853173797288368,0
13.593400620844344,1.4067059484781028,-0.883857436201133,0
18.420327437612706,2.519311321743315,0.1537251059455279,0
19.7504019696982,2.432425641440704,0.058208718445999896,1
15.989580194021098,1.3254982579746017,-1.142970297830623,1
25.4670121076281,4.413972106926701,0.3577873603482833,1
19.319825778601963,2.9345491638290024,0.5607845263682344,0
16.84163782504402,2.494373140088992,1.083051243175277,0
35.90906180556627,7.992379753630775,1.053802052034903,1
22.650079535181494,3.4498900033179365,-1.377669367957091,1
14.340433611372971,1.1953807605197992,-0.9378250399151228,0
19.722682657764846,2.844589762096734,0.5150352672086598,0
18.383713716602546,2.558469956467161,0.5137859509122088,0
15.813407415852092,1.8206530694368364,0.5150476863060479,0
34.63988350181926,7.856577754500945,3.852731490654721,0
26.815743659298445,5.114088306182501,0.570890510693167,1
24.002889003140105,4.4615878847892745,1.135565640180599,1
28.63247022351034,5.765179062484701,0.9540017634932023,1
25.2205808395954,4.821827828133949,0.651391251305798,1
15.682687450511889,1.6192885751620905,-0.3152692446403456,1
24.18968778916568,4.278068819960399,0.7589692204932674,1
17.98905001331603,2.427156644771998,-0.7728252145375718,1
20.289417712051492,3.532459747230177,-0.23681860674000887,0
13.591908741416523,1.828507802790103,-0.48536354782910346,0
12.575282627311717,0.7873296399795926,0.08187413938632256,0
35.37527789364593,7.9580241394279,2.3146585666735087,1
9.638306035453848,-0.3482017778259874,-1.867265192591748,1
22.995489686778935,4.112081339448843,0.6862601903745135,0
15.76697476181949,1.1098015413976439,-1.6127158711896517,1
11.987838173361062,1.198466012576679,-0.47193186578943347,0
31.61494285041351,6.959222542993239,1.088950596967366,1
11.658627030389535,0.8092564600589442,0.06428001909546277,0
6.018890842870284,-1.0137353520069505,-1.0777447779293061,0
11.859810171223877,0.34344510976404274,-0.7153037092599682,0
21.979500284491188,4.05777547442133,0.6795977489346758,0
7.8907970895317465,-0.6148960230525475,-0.7303666317171367,0
6.473734494380427,-0.5074677137376065,0.21645858958197486,0
22.98701473454939,3.6171989014467214,0.045571839903813784,1
20.983762440653113,3.574340278502195,-0.6516003476058171,1
29.308466281446783,6.416177883726818,2.1439440893253257,0
25.240528452133045,4.487717171391617,0.6339190223180112,1
14.51323713453141,0.5508595128975866,-2.025142586657607,1
18.991926220110553,3.4335822064098886,0.18645431476942764,0
4.393223653635167,-0.8624213968480026,-0.661786464768388,0
18.854237225787674,2.890129227011327,0.852433334796224,0
14.805439528338873,1.0016427822760066,-0.7925207384327007,0
25.570288530193494,4.277114059084686,-0.11473644146689901,1
16.952682091114035,2.2476742252798028,0.5049872789804571,0
27.00758522325102,5.333073802961023,0.8657551941701215,1
11.440806704647349,-0.2887719639966537,-1.2002964070557762,1
11.546453002009718,0.8399997339047292,-0.3345012358409484,0
23.199630006795317,3.741090745813033,-0.4749453111609562,1
10.618606509820886,0.03771211688475251,-0.6533292325737119,0
32.68170665353261,6.707165582011243,1.7654542402810969,1
21.92269524064347,3.0543450672441312,0.40498171096095553,0
17.190790570097768,1.7661248676396673,-1.2608839543350452,1
27.63280644902871,5.547256691578736,0.9178619470547761,1
22.63593087851102,4.220501730234338,2.1221561970126332,0
25.7571839285029,5.342086611130673,1.0324652605511468,1
17.798770530885548,2.331161220658202,-1.5193699659540134,1
21.382583116894068,3.4306218516690574,-0.48423407286625136,1
26.917417964713405,5.313835454215998,1.2669111491866227,1
21.14049148962159,3.162712205862622,-0.7076694656187807,1
19.318596866185683,3.3803389328559605,0.44381942814622843,0
14.457060072024053,1.1120098015665274,0.7746340534293368,0
22.806242137684517,3.7686783575887732,-0.926930471578083,1
14.714071360540071,1.574457227226228,-0.05952535606180008,0
9.862872052896947,-0.4364110768633788,-3.2412673400690726,1
22.637187068790357,3.6606654616437933,-1.0243876413342898,1
11.573520491707015,0.24947407567979352,-0.2525681513931603,0
7.389522458164637,-0.5811157753748208,-1.2477831819648495,0
29.322088290989985,6.160068260021748,1.6324113039316352,1
6.909377207027203,-0.9289655880653774,-1.4301413779606327,0
25.378738613900783,5.074869845791333,-0.44004448669698376,1
13.198758456585534,1.339338772102344,0.13074057728609134,0
27.84286858879226,5.606363154112306,1.4412732890661155,1
11.02617659521418,0.05059580483381748,-1.4358621511794394,0
25.390349635470976,4.542596102156351,1.1631637521549596,1
15.052596550686895,1.619668879773117,0.010233061019587049,0
20.88646881620272,2.845190284678249,-0.9815086510479509,1
16.943512632637788,2.360294807012395,0.46210347426327075,0
24.506072903309658,4.205202684460256,0.19905969557347003,1
19.107805962507815,2.570342571813437,-0.6002168771587947,1
12.036060804312413,0.5902328183042616,0.06980208499001891,0
14.648109790528213,1.7436228160465983,-0.3853135968617602,0
19.33681011029591,3.925209089524113,0.11351734525124804,0
26.400513765508723,5.011597642565008,0.6621306745210467,1
32.73561616049667,6.604289341465577,1.586016816145352,1
20.93421392287135,2.835999506876586,-1.237815498826849,1
22.756056180904274,3.9302195654377012,2.1330333746562666,0
13.559279598343776,0.7743829588458528,-1.9520877995225019,0
23.512611052569717,3.974651153869427,-0.15178509503558332,1
23.740313833853516,4.5143327088159735,0.5883172064845765,0
21.94771252280133,3.6884548060785596,0.28099186773503265,1
18.335965072453753,2.884012642826934,-0.6226995198205938,0
25.504687505267754,4.46297211849887,-0.20812225035727522,1
16.644500488761143,1.8135386838641092,-0.4930009346588328,0
13.910485681129494,1.3499773189368307,-0.5893647569442115,0
26.12743431751985,5.025874527457087,0.8496020970210246,1
28.708692621120928,5.736054887421444,0.35701548596504734,1
21.404193179800313,3.100995476957066,-0.6929095952606542,1
12.703135512554631,1.382330109562724,0.8995998754332507,0
11.735107505686496,1.3437628196079114,0.30729952087660933,0
26.049805428705497,5.033447426065693,0.8128621188389601,1
26.04261431223876,5.254442246050973,0.6296288419236122,1
11.591616786503675,0.6999189947169956,-0.8289950109220723,0
16.988317369677155,2.378699229498209,-0.5601810401969696,0
13.05626722191579,1.1698385436462682,0.7472936051232618,0
28.129897538436815,5.0591433346553565,0.6103702654334648,1
10.77874991560219,0.15066838366662316,-0.020901593964148132,0
19.10758447095285,2.9357033704473414,0.117327383308782,0
22.088323031765306,3.8220386292406348,1.277664895788425,0
13.457925548530351,1.5322528887703732,-0.5915713888358299,0
16.90940112091614,1.9567631111652908,0.5470973811700379,0
26.352763572485273,4.97617595300691,-0.20219265243389406,1
18.816089194895277,2.715202859218021,-0.2176812032272203,0
29.123271509937865,6.231709580992673,1.09877685198719,1
17.77206306383975,3.108607276618604,0.8254163489880298,0
29.7182548759133,5.80012173929609,0.8135096360006385,1
27.63038645432995,5.251325642744145,1.305478807154329,1
25.25913271005204,4.88706142146985,0.02100384163275905,1
30.647567972524406,6.672410351266367,0.6819529712949639,1
18.941066059681773,2.605210425089002,-0.31026675659345604,0
14.080529283908431,1.7566470589252534,0.3241663524884421,0
25.641281160420693,4.166202735721576,-0.13014305436768459,1
19.15643647654342,2.8523524037304298,0.09699596499271819,1
28.533769473601524,5.465125849331047,0.5951570254369136,1
20.841198688288006,3.2232723880123304,-0.8182206832334725,1
27.90948115307042,5.268764573996026,2.0923872756854602,1
7.4434562494000565,-0.6708099161619168,-1.006017381499702,0
9.52394164615161,-0.10442181592536537,-1.2141886127877322,0
27.849838864723544,5.436306563109275,1.1581108735000678,1
22.431863860795325,3.9780171055255993,0.7916626939629359,1
20.716299710211377,3.3251584549304165,0.6241198170521551,0
26.56876205203921,5.193991872836932,0.6283455092642799,1
15.133482210913309,1.7873607087511088,-0.012246772846914623,0
16.20063145323016,1.89832694261289,-0.8972543714858315,1
16.92490823232615,3.162413963707153,0.07580455819372633,0
17.727965874860214,2.6396645458201276,-0.6771617115121117,0
28.849969770453185,4.97911811628009,0.9751197334177512,1
14.286345319673938,1.1672470105919712,-0.14705738150213865,0
21.239625230935292,3.252961870223229,-0.8254971967925115,1
20.716784744112303,3.1598918577735233,-0.32138584165299344,1
24.962465835062655,4.479999980750202,0.41293145427562433,1
16.22931808273134,1.8940663225187093,-0.5637245528039747,0
5.391127142120335,-1.14268668085694,-0.8222203955664315,0
22.165821120940485,3.683833142090538,0.2436872114919123,0
25.53577245841852,4.440130380992425,0.24496657110872277,1
20.70246200285131,2.8280920923811252,-0.5069431753711298,1
21.55110090086293,3.204208387351067,-0.4710383056183228,1
24.45112944086491,4.310504261056973,0.2320499373576363,1
12.462877788894087,0.09667218430908853,-1.4480843414973241,1
22.243041831406586,3.3837425658884035,-1.4074637743765552,1
12.536937190234868,0.9636593003919643,-0.718444221252436,0
23.29489243574191,4.122831402879604,-0.21344715171184725,1
20.355589652175134,3.4179111189710496,0.3109075655980046,0
28.624635755087272,5.191871867864028,1.475356216949552,1
27.54077692586087,5.759961333838257,0.8576596232020194,1
20.50982807671576,3.492451114156066,-0.1599385299634271,1
18.6195002313239,2.8182464633624607,-0.01901620790268883,0
5.157823299931392,-1.6310214673082086,-1.0025293646378088,0
15.792749651680847,1.8731359957701461,-0.01851313599238993,0
13.136527355415993,0.964191385835831,-0.2886586389201383,0
18.525820118789063,2.9163407911412897,0.3227185603380895,0
22.677456754721234,3.2291977720397176,-0.827230943552323,1
22.11327765114268,4.071393876539732,0.5193465142411723,1
19.93230649120322,3.5869345053278225,1.5327389130025777,0
15.075328466123105,1.726194408757384,-0.1087601484568576,0
13.474587256345444,1.7059253558332041,0.40171172209894146,0
28.955744644624318,5.877199683018796,0.6901439917111125,1
22.248356440899418,3.0289620917237996,-0.40122047188583626,1
15.808337998477912,1.4291505033939838,0.22409248181041677,1
15.162900539371341,1.644066544550886,0.01259240078179486,0
19.563746215765246,3.1079703269792756,0.09767609854883172,1
14.511267118228087,1.2092095087558548,-0.7730097838554665,1
12.022819489173587,0.7993386231658415,0.024510174258942714,0
25.7515026293472,4.856405908701145,0.49799829124544975,1
27.79771251482615,5.505356239940793,1.4511436077950417,0
29.313963199703494,5.75209071299279,0.9592708260852069,1
22.758352937217754,4.623270298051595,2.1531824575115563,0
21.66115333094789,3.3048828508386285,-0.7673475628880495,1
26.54639368308286,4.849390644862026,0.8723206367206782,1
23.381386956854413,3.5804126394443827,0.18334200573835174,1
31.471565881348944,6.130341731593524,2.1898029332176723,1
6.092077103818792,-0.9642762347844462,-0.8082982853551515,0
10.240623079297833,0.35049353016939067,-0.8397218421807761,0
12.51931570634768,1.2589645217540986,-0.5993926454440222,0
5.918578371454219,-1.2824672564796,-2.123895724309807,0
20.35255999304083,2.7954005395315,-0.525755021680761,1
10.733999357507116,-0.08444505302732797,-0.759132661553698,0
25.925559590555316,4.8338368713992805,0.15039378647620763,1
20.76665860790262,3.1955020437191544,0.34175597577715944,1
34.42261051025066,7.590284172667305,1.8761708392158862,1
16.43511331342703,2.4234187383523507,0.9504238381860503,0
20.736166559154853,2.3822092791533604,-0.5769036556624031,1
13.4491173799673,1.1855928023617863,-0.898414671348358,1
16.894170410018088,2.236476610374122,0.4919191715065057,0
22.508494163070683,2.9949626479470157,-1.3202332070206422,1
33.295248556236466,7.262816237225487,1.8314587658543537,1
24.052707844328406,4.747582293109966,1.179440120721287,0
22.597691780520208,3.8183790677768785,-0.4691756521047048,1
4.799493451737537,-1.6733716221666852,-1.7131345290908775,0
22.472906485438216,3.7000193369205623,1.3538723741654128,0
10.932111397681325,1.0479911030036106,-0.11453984525261789,0
27.095331817294024,5.187299371999233,1.2378163119734618,0
3.8107524436962685,-1.5884301346178622,-1.594427658794367,0
15.71725313564094,1.9946351549584516,-0.5993750229537729,0
25.77321383875947,4.900819419686044,0.005243699718183166,1
29.788826546860324,5.900091092363201,0.046980593764742055,1
18.647521248571167,2.9152152001516374,-0.45006547147924364,1
21.401963840386173,3.6465970581014098,0.6228499323474987,0
20.064973200681706,2.680221192464951,-1.0676204293825944,0
19.643193282010277,3.168789095534363,-0.1423794850212935,1
12.125915767716862,0.6454032000354888,0.12029563171189886,0
12.01296247374447,0.8916482171803599,0.514438834058749,0
29.266290244177032,5.780134345994666,0.7116148780888898,1
5.30880773996959,-1.5701133458153875,-1.1246420918378692,0
14.83804216383162,1.3265096909586436,-1.5341141707356223,1
31.049357544531247,6.3538284198867245,1.277676821898509,1
19.85528777418465,2.6836465547993016,0.33231401197959165,0
13.717241386320726,1.302715059349342,-0.7484865365565536,0
31.866811399402096,6.549017819084638,1.551151975522523,1
19.063860336386877,3.452377764752681,0.11567463429285867,0
17.49345180925282,2.8166293953569426,1.1792971840638264,0
22.245254028850272,3.424282583656632,0.06751848141010895,1
24.439503354692434,4.318462442052157,2.060747924881987,0
34.24522257536791,7.463203075527417,1.7553408424432044,1
24.767799066506203,4.526952365676453,-0.2489641484790735,1
21.725036642673476,3.908581745750041,0.9715709509543554,0
21.20426503983323,4.1515575912676494,0.6453759495851475,0
19.229234733121793,2.874906468922142,1.3686315575323487,0
17.54184982436635,2.2198389206809805,-0.9649234605801045,0
23.20485710229667,4.552315811709917,0.6860514599984393,0
29.999734034800884,6.323258727520128,1.0584244868495878,1
13.696947267061216,1.1436896791363886,-1.7587394864231143,0
12.768747333930095,0.5684890233235635,-1.183258512665775,1
12.68397817666577,0.41670359709719706,-2.0392321777601006,1
22.18148065212015,2.860586287651211,-0.26940683444455776,1
28.64635242160786,5.797792707451286,0.7175422557959623,1
19.25184436360447,3.2033948385418967,1.502357052096028,0
25.45837015426628,4.8686373199671475,0.07409478041977519,1
35.68457035856089,7.813459462353651,1.6286155455712918,1
11.693927965066884,0.6250507127616624,-1.3801014582148914,0
8.536659055564881,-0.27132263537123097,-1.7033824393551547,0
21.60771936453598,2.9288051107543227,-0.05554769889661878,1
16.607344626364426,1.7292472072835965,0.3840654489393073,0
19.001306783727877,3.200576783155527,-0.03269474809409311,0
7.168017610175935,-0.32181414615448256,-2.0674421000398766,0
16.48941495389674,1.827300421353273,-0.08912003951278841,0
15.691528784670483,1.6253862034768294,-1.3044695005048532,1
21.22672844956381,2.9787009501336805,0.6696725488300385,1
19.96703103367067,3.4790449504608336,0.36659824609684827,1
18.397395561245382,2.5015994076486905,-0.9398797863273552,0
8.635060229696698,-0.05125594700750713,-0.5138669173366935,0
12.532742734229483,0.6006595383876532,-1.0592135218889516,0
18.754549049692756,2.9134253272854407,-0.06267909727317188,0
15.579433018852052,2.1777908127495653,0.9551423205012383,0
19.211327902906522,2.706121405277768,-0.9857260463355437,1
21.768274389318965,3.6939853107874216,0.5040465155178444,0
21.257233136161002,3.217112894348589,-0.5302576183724408,1
21.621694402292242,3.679093807273252,-0.7928728322623442,0
12.489006188085389,0.170855201189968,-0.10703035995455783,0
12.953353527053402,1.5058650462548178,-1.035242322419374,0
22.10738548871691,2.9967243045827625,-0.553649305347182,1
20.52966588538342,2.9751033159534024,-1.1978778925888485,1
32.766400504898364,7.38839485107383,1.9647251329163893,1
12.6289037668038,1.3197391308475965,0.03526355197172861,0
13.349104000634354,1.179408130470462,-0.6997255079925856,0
19.810855356033596,2.4630684147030455,0.213979910734222,1
17.17671715772791,2.434755426035149,-0.11232804969082982,0
24.91126713031942,3.966704066690691,-0.22096959953322298,1
19.228554966073162,3.5599102187082403,0.6141667000434252,0
22.571050722628268,4.194379890158108,0.7575077100473051,0
13.46321091196864,1.5718681187939196,-0.5305011476105275,0
14.216718059118737,1.2843620588312563,-0.57581824064468,0
20.505949742931026,2.706354117611242,-0.275051697151644,1
3.083930674061663,-2.165102510752428,-2.301921164735585,0
10.137630224011374,0.9139480268795024,-1.5151910621985523,0
26.65888856741479,5.486646806872766,1.3668742674445247,0
23.124761953553122,4.229341133939871,1.6449677135012837,0
22.92164081871782,3.6724486879187066,-0.24903603955637832,1
24.6164454005918,3.960221069589883,0.5765569630557664,1
27.3478425515992,5.63963207708275,0.3112501545435361,1
40.03143021457435,9.283738036374634,3.0788808084552377,1
28.05424692332482,5.620579803615614,1.1195749114345768,0
18.510814022790818,2.929800535599111,-0.12791759148076653,1
10.88569614616241,0.18868144008114407,-0.9555404406004258,0
8.961149495409968,-0.17822355786078645,-1.6064463202575725,0
26.27353230147817,4.951684991526605,0.2034636358672231,1
12.297095217116075,0.6498062445259127,-0.7563507452843033,0
13.993746471335813,0.9936583451497885,-1.4222537095976742,1
15.05893652851773,1.9115482025597812,-0.6465728842425266,0
20.830592488859992,3.098813357123989,-1.081548003614395,1
27.256069117272563,5.614438352045123,1.6871416350725648,1
30.44788218070383,6.6779024365296715,0.8816397569494505,1
27.654092524621536,5.158239747221677,-0.007972641316617372,1
29.41384408158984,6.354212705582832,1.4799441388900259,1
17.253263472451604,2.195650323847464,0.0773683076476183,0
21.748985700224488,3.2621314691235117,-0.8612842013282637,1
18.543142408154086,3.4229830456482278,1.5231240772696573,0
25.337624981737555,4.83839654469107,0.5389100436846587,1
13.569351074750777,0.29174722390113494,-1.0372461543264564,1
24.29167735399289,4.590947628377523,-0.1903386780836082,1
6.910833930133626,-0.8749206025189953,-0.8756182533847572,0
14.749721589199382,1.4292202319824951,-1.382799730964336,0
27.46082919127563,5.059146227331012,0.9261775475316414,1
23.70583505027756,4.652457978774019,1.9094166404701305,0
7.225734004868706,-0.7255852668132173,-1.3985675738191412,0
19.091614805039846,2.5564149811137797,0.5629692366905709,0
26.566602138193463,4.4425674914652955,-0.6506425691218269,1
14.823367854235425,0.7815032678178766,-0.48712538376469605,1
17.250441641754676,2.388374499729884,-0.5923939242388692,0
12.317846258105027,1.0420373265819842,-0.863990769679816,0
11.76683797562351,0.8657607940600252,0.04852162794482699,0
17.057301402268372,1.6782624323342055,-0.8309501164110378,1
30.164633018522565,6.082078265877961,0.2704568257798388,1
14.33900646059712,0.9791359558835634,-0.05023810944913695,0
12.115132349849418,0.488227419104426,-0.23894804686640975,0
13.82482684614718,1.7759690493023326,-0.9075636620415979,0
22.972135259023165,3.473395880433415,-0.5767713305683327,1
23.087423159292296,4.195161262202236,0.755391225825756,1
18.52003099857122,2.9680007568411897,0.5009171876243808,0
8.773943553737382,-0.4920855508381039,-0.977555244798551,0
21.7451270594833,3.249819856566444,0.09933230542922587,0
33.17527350579781,6.188451649930817,0.751387123371789,1
10.690417890555839,0.027898277139885463,-1.6694052811213718,0
26.846907430730372,5.17670134981692,0.543360192379935,1
26.336263107826362,4.767252486448604,-0.6626237589458467,1
19.45440841670773,2.8555843302779644,0.5705986685931593,0
8.69904379373908,-0.32676286023457646,-0.7632591565425169,0
11.021663641418908,-0.2578492381644715,-1.804882100664519,0
22.664270937328514,3.6447333927123697,-1.6275424378831627,1
21.169846869510057,3.0573679268062213,0.048084946661381994,1
24.250287209719172,4.028120985888236,0.25972250172148187,1
21.101499911948974,3.05997110044484,-0.9043166251044086,1
19.550892017950574,2.9039838391603214,0.6385924587773739,0
12.458995792110814,0.5254163262192457,-1.6615200622689599,1
26.00991272083246,5.0227381582594965,-0.06607979864731657,1
16.41039503414903,2.5035164223735746,-1.2110161997624567,0
21.594633122582234,3.2183772973206684,-0.6518361078021592,1
21.780025655227977,3.167029717238621,0.047398671316414016,1
15.439031147213676,1.1604194270205963,-0.8604133652839524,1
24.217920427976864,3.6811426648764427,-0.38455554422982535,1
31.33435365258471,6.613316557137919,1.0062928092144405,1
22.998231482224487,3.6098299422106583,-0.5768918695231487,1
18.66170210539726,3.2511343271788586,0.8356921120651418,0
8.761404496198399,-0.28383193377573335,-1.129706854657618,0
23.30316566003028,3.7025426341548346,0.5298041779152828,1
25.840414882678342,4.997104257311733,1.4415686206579004,0
7.324947665919773,-0.7936951288053483,-2.4716445001272893,0
7.705182738452589,-0.7410726698964483,-0.7968952554704768,0
21.848467760173673,4.455447168951494,0.57707212718054,0
23.95148022468193,4.269503141829512,-0.2030453860429927,1
30.259323529128057,5.956313455202757,0.37114587337130883,1
9.83088843043003,-0.24810552855884604,-0.6039851867158206,0
12.792847298762943,0.764060525793911,0.08658978747289992,0
14.902318198614712,1.617514837144584,-0.15567723539207948,0
30.27043571678289,6.254457519384905,1.1677820616598074,1
29.3736551241629,6.177992087878783,0.2544208433012131,1
20.33627714098634,3.212482906927935,0.3376026620752022,0
21.339482766402185,3.1395032740042654,-0.4118769661224674,1
18.718683216668904,2.2422214562253675,-0.48760622407249354,1
24.717455030301576,4.581163290989719,-0.4325581878196209,1
20.22757544357895,3.6269727878167304,0.39445214237829684,1
20.08812821237948,2.9969918335419274,-0.42098448082026296,0
23.471995451205927,4.15027763573811,0.2897748568964129,1
29.248274047714904,6.7036832705860085,2.075400798645439,0
30.150333947534442,5.985618345206817,0.8711247034316923,1
21.22989499699821,3.37396921230578,-0.32602353216784113,1
28.407209918305995,5.282424511419791,1.2012139221639448,1
21.257943138941474,3.046979063121593,-0.4080753730215514,1
8.796958992025848,-0.6288701103915433,-2.038124535177854,0
17.8291253783243,2.5650270298416107,-1.008086310917404,1
14.511946116563934,0.6000007103925111,-1.8707919210258557,1
21.68254562209507,3.3070983636204048,-0.35151348404130867,1
15.949336656264228,2.1062045985034774,0.0184183791895517,0
17.30115408933659,2.3859218739981123,1.6764373122752827,0
17.069442293406507,2.9485591754349425,0.32692737376416264,0
19.983536757690363,2.691627982069897,-0.21910052880886424,1
22.742956397526395,4.090775968569488,0.8294055811834892,1
-0.36481221771114836,-3.0040473106225383,-2.211135309007885,0
17.656228831666983,2.559529339294958,0.23561455810856594,1
24.015239238144407,3.800850287718161,0.7708651938869668,1
14.090035627406454,1.0730996736997473,-1.4785862457798415,1
36.04039831692739,7.668890202336962,1.143754043206929,1
22.909793342986955,3.9818649353464175,0.3384964074944141,1
20.45709674865754,3.554818235416829,-0.4152879139008013,1
18.93243811704861,3.3496541856657562,0.6327818661062848,0
35.347125038774266,7.537104472922443,2.270692857804396,1
23.93016958764858,4.195355921861749,0.18186625505849516,1
20.48282405106318,3.1770371158512596,0.24822058630033608,1
25.945676822759324,4.7618861989688455,-0.4593608995402441,1
25.599073004489636,4.532430089440697,-0.8498443694647918,1
15.805933907983508,1.5628450306936827,0.8303358165442456,0
10.524036240643886,-0.30815432974968027,-0.8560838259088672,0
15.122848394567162,1.8275390134520824,0.07156623721939247,0
9.630880418744363,0.31897603494213367,-0.4776574467651167,0
26.75984071510308,5.224435292075452,0.47897982574639186,1
23.076943373154315,3.7722209555238093,0.3336621052869483,1
26.20033902636974,5.721365984193451,1.0375399442578992,0
16.319421073289384,2.425523996061475,-0.510016398854747,0
23.26707276462636,3.807761627692158,-0.26987493529337125,1
14.627869717368363,1.5588406896462712,-0.9787637157823074,0
24.85117859814101,4.439460534243142,-0.4442932600761116,1
22.747514419827038,4.002003251509035,0.3773004930448522,1
24.227396327072423,4.319265680426064,0.7569886166453519,1
11.160452085841323,0.6948950767032093,-0.9221653241776254,0
23.38833342509409,4.166045004656435,0.8696059201056602,0
31.052800895306284,6.172517186860844,1.355637858804951,1
18.78327975569557,3.043155872644554,0.41343490322370086,1
21.10759696446636,4.0123692748862565,1.876795812558066,0
18.299500758160708,2.7653433377502625,-0.773789199103573,1
9.522033087714235,0.05735234070704408,-1.244654703311417,0
21.32994744050981,3.30446180343339,-1.7787202489042786,1
17.124590354805797,2.8580785248347764,1.496044311489183,0
27.03955336597557,5.487137726366961,0.6543656563540577,1
19.213250933806325,3.405736101962607,-0.05558467091045507,0
24.28147538410652,4.691402684902526,0.2799686263198203,0
9.791451354641673,-0.09263099413152592,-1.1254890472983765,0
27.758434713099067,6.16005742214544,2.4457519796168263,0
25.967597262623865,4.763592130161489,0.1292211819752275,1
24.032041685794628,4.359573923460631,0.10939479460489289,1
18.697759093500142,2.989804734608732,0.725766623898692,0
21.145919801613882,3.157489237105116,0.4810092317367132,0
18.251200905387382,1.8035799511990112,0.22388402427913137,1
20.689492183756393,3.4963578068946632,-0.7904744554453119,1
26.829873735977056,4.8333804393659605,0.4714683571359957,1
24.613082098294445,4.600561847934285,1.8820244964750337,0
27.04671350610345,6.064992264952024,1.3454200461549777,0
29.463315407260488,5.714845921168543,1.593186626639397,1
14.028233407277128,0.8301004962881915,-0.5112156764311852,0
23.898893409206174,4.507146071816862,-0.9896048202585809,1
12.02027212398775,0.9792583150006711,-0.12578692009964815,0
23.118077723333013,3.533472085496503,0.055724912288694604,1
20.75428087365237,3.494261854275573,1.0941915184709485,0
18.957588887911484,2.30203753755732,-1.6924646297148194,1
23.846973176033195,4.502127986544234,1.5295503194606137,0
19.301784335865904,2.470362804979253,-0.15800789857898942,1
11.156057367543958,0.8275098319516805,-0.42688106994742003,0
18.17078471831406,1.8744890038975375,-1.0121043752601675,1
16.991071833362675,1.4404939469783002,-1.6548566718657693,1
28.252407859650077,5.660599534572701,0.8231705839619146,1
25.041071170197874,4.528182706670578,0.07331796718840389,1
10.836033186464329,0.289046896340017,-1.2899608997410539,1
21.37822324441413,3.1213228294654316,-1.295078772063616,1
15.818732832898437,1.7488917970614313,-0.3357846992901282,0
35.10200198958467,7.888064335527995,1.669021525289393,1
17.2887872606063,2.0548113002452646,-0.2595913513636048,0
12.205748353195869,0.8466085280586026,-1.5031429531181062,0
16.85839807185723,2.0979307153212106,-0.24574306408594432,0
17.79175686605161,2.9371404015812423,-0.2727235697476705,0
12.907209863942025,0.47692067160542084,-2.6968866429415717,1
22.787573103438298,3.820642453780378,-0.05429486651781221,1
29.503406697442536,5.926032925133865,-0.23093453020867796,1
28.9305130796667,5.933346669500019,0.6962063648134184,1
25.910063094595625,5.347178563422431,1.8489560949453452,0
18.066676554791407,2.4135431277833,1.1265650295477574,0
10.488313802874433,0.3083593467042165,-0.26888869055483056,0
10.292202756349365,0.6329266190293479,-1.1065259087416703,0
29.766266612134512,6.0055609026430306,2.5733598032498604,0
15.805569336730736,1.474705086013416,0.05921843401448826,0
22.693367217338817,4.1618766374814795,0.013929291912946203,1
28.847025697380968,5.552439297378591,-0.024125087110003277,1
25.974614076554897,4.992529615702081,0.19808476076785494,1
19.690839832415104,2.642450872361348,-0.14436041192394247,1
20.8782186166236,3.027998162536702,-0.5736620068802363,1
10.88982752154423,0.37474510728685095,-0.5468589412403921,0
21.405744869215926,3.563170178267441,-0.03275327021599839,1
19.12320048069287,2.77124717766971,-0.543424771133765,1
10.443065314659503,0.4530857433802484,-0.7128457826771644,0
11.881707700462906,0.9045099695644505,0.10643022769189683,0
21.902460187002227,3.489879492350527,-0.2549772174208553,1
20.370385548969416,3.6953818460267227,1.5039929885826886,0
3.464341857937262,-2.905903402591786,-2.650969808393012,1
36.057943062491994,7.690232302385356,1.0915068519224618,1
24.293639087519306,4.957897442963116,1.246085192497629,0
5.780246279923716,-1.4863860735372203,-2.0733902324081495,0
15.014048086163161,1.5047876586200752,-0.34268759408034877,0
11.285555331985528,0.27118435368875105,-0.37144086599579146,0
14.829321275118488,1.5844553357341336,-1.4075116947178212,0
26.43437340852012,4.730563663386799,-0.7778166875908753,1
11.954738832824,0.49082996004778146,-1.1105758454658288,0
33.21814650563504,7.651936309320778,1.7522704434236227,1
21.60556917035462,3.5788043686551156,0.9356783931474612,0
26.099112448112667,4.570607203615308,1.2715550949941588,1
17.248768077125003,2.6706847271011953,0.7216720640432351,0
11.352988765285941,0.43835030994611324,-1.1290517712172292,0
20.459344638321756,2.7586718818368956,-0.5245202662797737,1
24.836911873641164,4.515408564406841,0.48937456122791806,1
11.299204235224915,0.07540872915296747,-1.2221278088919454,0
28.829729936798724,4.988619147393121,0.7129984301723881,1
14.28932514714586,1.6917703932602808,-0.24032539815813503,0
9.750446563683234,0.37716372227900274,-0.3748208075495975,0
17.35209000513678,2.349423803177301,0.7109599682034915,0
14.866994609713416,1.3818107015290906,0.44426331148603976,0
24.57823252902797,4.43636630095758,-0.3609661658190799,1
16.35330395293918,1.6333477632060478,1.159329803364248,0
13.25738025602799,1.5319953519170795,-1.0810633275998973,0
31.12367704606933,6.310252807679238,0.6159356069442637,1
24.65655307915097,4.5874712999699545,0.5931012579683838,1
8.517007665812445,-1.067456746798284,-0.3095464393139903,0
25.87618226735578,4.127888971395887,0.326133022242118,1
9.410779834616331,0.05914547413322639,-1.251113576385303,0
24.076769790735735,4.375442308881438,0.924027019206901,1
21.981873091561624,3.207428401527274,-0.18490213644298903,1
25.35120135446486,4.746110668084792,-0.5227230205190395,1
22.669911785238984,4.238441001057074,1.0490092258368893,0
10.082149469965692,0.01892034980776114,-0.7043436905427592,0
2.9494535013800283,-1.7102911141407717,-1.4084612963635597,0
8.000279020218882,-0.6619610778956266,-1.5566291735239037,0
17.39694666893989,2.695558147668021,0.6060099513456396,0
18.7335426534569,2.5755551586188914,-1.280429352496283,1
23.734255684695476,4.096874560408888,1.7547941819843647,0
6.909309496329579,-0.6113945364637217,-2.081929407883722,0
37.752720964233845,8.479838592495287,1.6964563682900382,1
19.117118739412764,3.1320272232481905,0.2110174672026184,0
22.640765306095084,3.806841824863639,-0.09671311187039239,1
13.788784592251554,0.9994708987332805,-0.5449190868089497,0
17.066144406613596,2.2420310373482346,0.39913611435207086,0
19.943179573664146,3.124188858814872,-0.037634702424848364,0
20.051102791753298,3.0276393770734793,1.1033018820165215,0
23.8183841627958,4.216564181993042,0.11422764866203965,1
16.217714897713957,2.276650544073902,0.1503017614618776,0
19.273241940045256,2.9527974888676845,-0.36361221221385587,1
10.80093751962394,0.542116016534298,-0.056945623721067457,0
21.303125896175995,2.784677156955757,0.3078017688920592,0
16.865909898215822,1.3737434391596781,-1.7101683926566256,1
10.08281264262598,0.47796233627800033,-1.348185422105713,0
23.921429547041146,4.581295834594905,0.743264094022715,1
28.413224429733376,5.477119456004961,0.17086543812794186,1
20.589018440155375,2.8472512142591366,-0.18398333635267913,1
29.267957386165314,5.7396911836159825,0.01843393306539316,1
12.066252351089037,0.7737360482142452,0.34758170536167105,0
14.749937372275646,1.625130544092849,-0.5397596803093615,0
14.25180030742882,1.3079735944231545,-0.7783047254023127,0
22.080525450410246,3.4982108147056397,0.19584525509768155,1
18.151203941567857,2.9568347714384644,-0.978372777615032,1
21.445893779420405,3.8918978033318665,0.40825275571447184,0
8.336510828607212,-0.7706942457108248,-1.7025836042378404,1
22.31464620934635,4.04647826347928,1.0291556373256436,0
21.132135212471873,2.2156254032894873,0.472597482413043,1
14.62262105931712,1.4183797979476054,0.25602973431387566,0
32.49607883628526,7.1032028408192165,0.9826909839455139,1
30.171090401882687,5.916429633301811,1.6654744444625766,1
17.52571328656388,2.347675133118223,1.0143700650181304,0
7.542347262505391,-0.95924907598215,-1.8408742313316453,0
17.052473257395672,2.14854088806,-1.2795769667357015,0
9.749813223580908,-0.7689101137495444,-0.6248185776956788,0
11.832591555704802,0.9878266636769062,0.026091050210833786,0
30.795392718461386,6.273920213883311,0.517659020469123,1
24.880878741441062,4.769086623807534,-0.7257438131534656,1
24.58566941361825,4.176718922425334,0.18676676447707832,1
7.9649321853440265,-0.3721271010566263,-0.7553829323533225,0
26.618333578358623,5.178566797321237,-0.6115178029919482,1
21.658262325192684,3.4844507464768633,-1.4066610968482223,1
14.858108075132337,1.2940971185958765,-0.9232332461109043,0
15.898666671856652,1.1600707426380796,-1.3516846056163336,1
17.715764962641508,2.487160779695964,-0.9758732529773327,1
20.315241952600633,3.4201026138669284,1.0536417966078395,0
12.010679059353818,0.9067529713676633,-0.949398888831943,0
30.940218695486934,7.399574535387423,2.632382064837391,0
20.641164626951838,3.6193938924587368,0.4933179008808892,0
20.79115153721684,3.199878108557553,0.1848361236948739,1
26.193595825588673,4.088959779747717,-0.8583577801812136,1
28.023750702740625,5.363596959126642,0.7003098794089914,1
14.093209668752529,1.8236090565022551,-0.5756378262377739,0
20.383892739568992,3.649555581246645,0.12200981464536144,0
32.70702296909832,6.728546557889641,2.5600845382687947,1
25.048696487989613,3.8200845717065626,-0.09605989972464987,1
17.99138300196994,3.192455438069299,1.1492733262856758,0
13.752203425698095,1.377375936945713,-0.7031764251258874,1
26.253646900950216,4.294227241859478,-0.0349884904969617,1
31.89288669248397,7.167757505037688,1.77080063563551,0
6.790122274561423,-0.7805283311874038,-0.6269670577877674,0
32.093805763960205,6.686392225945923,1.8124485579969287,1
18.470764775757083,3.7021708382579868,0.7077519354554754,0
13.8415096200415,1.2793780378147797,-0.5624667758942676,0
18.83427184104571,2.835483556067541,0.632407739055521,0
17.403116072520643,2.159615310994271,0.9725544496267299,0
25.98260910650534,5.165501686265959,0.6218099622171964,1
14.249383990848525,0.8878989431483889,-1.5702247198904564,1
5.232692967792843,-1.2806274687158563,-0.7271371758248686,0
26.225326557233736,4.823314267186474,-0.24751863555150475,1
25.144860706212892,4.846735676191972,-0.07443342910004629,1
26.03990653037107,4.9826691231770965,0.620672097550678,1
16.49106317402652,2.4956261896055834,0.17770100093325383,0
13.865040665774885,1.0713014746504093,-1.3353443587101013,0
26.742360416517748,4.794636433287027,0.3801978510059632,1
28.725067948103735,5.8198961726870495,0.6105857452838231,1
17.664848408028156,2.54220347102271,0.5597904479310398,0
23.350873066084095,4.933154826905879,1.0807807255546218,0
20.415330225261332,3.57166895775604,0.8339221545489041,0
26.09826157030384,4.882822062448529,0.4591800792284367,1
21.994864123329965,2.624690344099997,-0.07016571145864703,1
8.274576336309002,-0.20448554597227858,-1.6609609335159914,0
16.90159447236572,1.8124724112044275,0.42961821913258585,0
23.516605186114322,3.6732488042161724,0.20768768716311115,1
22.55661428692095,3.5919926274769383,0.27157883719537346,1
8.814547097306065,-0.9813577956296893,-1.2767485758203094,0
25.381665249820564,4.5031865924045675,-1.0810565404082624,1
32.62236422163121,6.911068341987759,1.0531528533329035,1
21.529983661060292,3.8610347713592787,-0.03955515385665504,0
24.121636961928747,3.7993560265033732,0.6815006973726244,1
17.437663176130638,2.1137313141065843,0.028318376130461172,0
19.127702464622356,2.7511265840395227,0.02975613949574519,1
24.315945300702033,4.711730831766933,0.9382838059759977,1
18.220437135376432,2.307805924257364,-0.5160447282173739,1
26.851256951161464,5.383765171853036,0.09612077694098337,1
12.667547591906674,0.9103573888406766,-0.4622752887050425,0
25.98734311232077,4.416634992545543,-0.4344962274323156,1
23.463786458069887,4.140362704385559,-0.30917212346863937,1
23.867694847354503,4.636839409555359,0.22213377163371284,0
16.965321267903576,1.8024328443650601,-0.4787486216634773,1
33.777033166646525,7.142867428147079,1.2557561255735208,1
13.16670041722981,1.8045299170714717,-0.8946073022195039,0
19.132240792427485,2.746313695730927,-0.18687164416135904,1
24.753893939465165,4.347536749061897,-0.4397310582741749,1
24.719914325097346,4.506611789556828,1.4469778843537329,0
23.210165266935658,4.0673559048139545,0.19655477651157463,1
16.294941260650983,2.7238313222309527,1.0318445394686349,0
7.777361412952204,-0.9474500110046441,-1.485560373036972,0
22.715800094943813,4.4503874945898145,0.26705026586925884,0
26.315720378087555,5.335129012392638,0.889630795623437,1
25.592322566620563,4.905555985444596,0.08228398927542419,1
18.23743818513557,2.8073211809304737,1.0654803750653512,0
10.727898471345195,0.444214378627803,-0.5172884501003722,0
30.88245185148586,7.196005969528311,1.40934744018558,1
23.19337911851916,4.098770973877343,2.2988981236192503,0
21.896460215584444,3.04052839143524,-0.36283856043965906,1
22.24884287825273,3.3657736289710742,-0.4455025214007718,1
29.236662282124996,6.291449317516604,1.453384477117701,1
29.86930326679222,6.190264933579912,1.5795721457307124,1
14.828067905868604,1.6115297403660205,-0.5228600271532683,0
24.286520980083985,4.062575530174025,-0.42018681709585726,1
25.104222385223785,4.311960632168569,-0.2817846088605072,1
13.758387475563778,0.9975204247807579,-1.344450511034277,1
11.095596503448276,0.3378669823449055,-0.9186519464841982,0
23.02293553986175,3.688551711748836,-1.0041407667520679,1
16.684674841899806,1.7429508399176799,-0.7677975651041284,0
12.429846192141017,0.5751132174387643,-0.03468488738678118,0
18.897462684846467,2.7028019991569825,0.23421473253652075,0
24.626403097468277,4.347525489846305,1.5505004928140769,1
20.558670668060053,2.5494038409521833,-0.998354040738791,1
34.032514639342054,7.374250614460853,0.9843223984765838,1
18.83228413900468,2.73112401639275,-0.21398884422550896,1
14.677814140214496,1.0914813900297684,-0.04946370965243295,0
29.52668033200732,5.776259019822765,0.6748194921666038,1
5.876302336212236,-1.2268845475530938,-1.1227220215622986,0
22.843085800773867,3.940859589391037,0.3824097461840506,1
26.334933894844774,4.846119449901337,0.1664522082130561,1
24.276357940236043,4.10439104832282,0.4924512640081491,1
24.29064120158347,4.197782978650755,0.2891686439078181,1
29.59271643398701,6.427135920181375,2.4553001399108942,0
16.09476569605514,1.4649361071595872,-0.637739984251316,0
22.98251204361291,3.470322963792676,-0.5309969550018176,1
12.36913638454347,0.7261669310928147,-0.6231405264247644,0
15.551846890353204,1.5368454365285733,-0.5554771191602547,0
11.72803598329386,0.9201866289404669,-0.6373871273065177,0
30.621918269708146,6.241330406587113,1.1890165311075518,1
22.710779390333524,3.6338243468668043,1.4205042479898549,0
12.66588885959636,0.9613115849962444,-0.5707462937494763,0
15.936892614755845,1.7615088477916432,-0.8323555731042287,1
24.86425828512705,4.67211572457337,0.4714155563864041,1
9.992360672506708,0.3606645699496984,-0.5522230442809712,0
14.721291921286115,1.835351276471273,0.6329318177555108,0
17.31862893880698,2.5630456791323373,0.2029230208512997,0
8.411803790906795,-0.060876396638187585,-1.515744114997232,0
25.3280129447806,5.104131536943665,1.5475052013300616,0
31.190349993991198,6.262690940068183,1.7958776730955217,1
21.05885325318361,3.4888698111101766,-0.6127886904843862,1
24.92701962075083,3.969245232369687,-0.38770155993598415,1
19.13150777028445,2.873571893918952,0.28586539072490497,0
23.558675092159245,3.676031502178396,0.334456789987025,1
18.753705119989167,3.1371798912804345,0.6585442726728304,0
34.49286653967918,7.3794471042041865,2.0102045387663496,1
21.633338976605295,3.741757625666868,-0.1769472274940494,1
7.038476925300213,-1.2839235251787653,-0.7982972445384537,0
17.9463716856486,2.091510781951689,-1.3793192280145272,1
19.901659158437877,3.1161359794843637,-0.7309300399419191,0
21.09521621017211,3.5902702719323214,-0.033126972873797095,1
20.996209249987476,3.9637596974213603,1.7945578635177877,0
15.388023051724808,1.596931611157141,-0.5176112990361714,0
24.49583240955056,4.64806013792492,0.2237879516388985,1
19.967508756020983,3.168100821307286,-0.016422896072752075,0
23.707027456329467,4.524721754263238,1.188393273448084,1
30.413510886822944,6.521778891385425,2.5269324258736217,0
21.64983339084444,3.7941189018709824,-0.5308687729203206,1
21.42338283552589,3.123694299282121,-0.48943944251822213,1
29.840416834221895,5.904928633525298,1.044160877069072,1
21.4601123296839,4.052294716037824,0.6818914896263114,0
27.509155672982228,5.6423763686325,1.8467073257360336,0
15.459061161079207,1.7328729659152173,0.5839281853259639,0
16.304818295531945,2.281220050574895,-0.35929209078705954,0
24.955326238941627,4.821293641005945,0.5906548306923093,1
26.74516271499705,5.735929468889877,1.1087035805829077,1
27.761410835692917,5.303920262797741,0.820482181197364,1
23.767201402226007,4.610668057862687,0.5072740311072977,1
31.970502793913695,6.791719531490796,1.066674689589154,1
28.247228061375644,5.6702254258192974,1.1692955904456728,1
19.54021984995756,2.9536923581731216,1.3821589910375272,0
24.936559426754343,4.579534975414735,0.6487098875896427,1
22.95460500265849,3.9280175963351938,-0.16711808031685435,1
28.579726646129398,5.449285313947034,0.14671368643332283,1
23.573632433218222,4.412858134711368,1.2065089665083568,0
10.088339601499083,-0.0759387852278981,-0.8169356709872361,0
25.583867229773258,5.038199879988243,0.3686733088729012,0
20.988729154253708,3.6747670924869387,-0.3933388123273607,1
28.212312597190703,5.318507972401241,0.028744822934817487,1
21.910358875014758,3.7659633603337186,1.2784518626072987,0
24.943340411629418,4.8200078467353045,0.19109906801990334,1
18.48328950658368,2.9091233267526277,0.04643654815614881,0
13.4959242132255,1.178410500284377,-1.3598561409799192,0
22.395749178855432,4.176748654419056,0.7462535660272207,0
29.355129781922308,5.840423271784591,0.6454841811410754,1
33.720752843123435,6.9297953537640815,2.16325472330546,1
13.981526544516141,0.9665866056144374,-0.30777823495300083,0
24.171779812028912,4.661333001820106,0.21915032766393897,1
20.543680784027654,3.3072035979072023,0.24938368371075526,0
31.259310976141222,6.143459218868604,1.5774532797634744,1
26.65349452209108,4.922228667133958,-0.0952955323869521,1
30.204427527611035,5.8711490341416885,0.27902152577033923,1
17.998841982204933,1.9955238455013888,0.6078965097165392,0
22.852688488921753,3.442992980938257,0.1866091231563581,1
21.319232153448343,3.1899745192688713,-0.44643361455052827,1
18.841331446694728,2.5987476575366575,0.19408999289830758,0
26.902529666164714,5.085880611022607,1.073631749859772,1
15.461192232536616,1.812429729750554,-1.0265152994110602,0
25.01914988250256,4.6235213727387645,0.132969674146876,1
14.531210836328047,0.9892658258319796,-0.7001208149391732,0
23.751552592614207,4.356660419518736,1.1950466289248425,1
14.230579203868608,0.3994038263968309,-1.5231869047837747,1
14.827743561863644,1.4426264793744237,-0.5589218472715883,0
9.900360384523895,0.4332221864419452,0.37721187506452086,0
26.45041965347817,5.360923453495582,1.5655240292343404,0
13.129635784402971,1.743220764018198,-0.0657502610729878,0
23.856389055495843,4.410293679554936,-0.5551995266931984,0
39.77418704731998,9.129651854776995,1.8811570694405901,1
8.347234284732298,-0.35346991987188264,-1.448013900416244,0
5.9099098835712685,-1.404545937461438,-2.198805956620082,0
30.42096700099637,5.655603189082028,0.4400144500533324,1
18.344527115905425,2.950091273389121,-0.5020542243526112,0
12.93145756354714,0.8301217168679131,-1.0212328171307132,1
22.810141019245627,3.276159205594343,0.7083564472993533,1
24.693585985838045,3.7436662651024166,0.24380071377119883,1
22.713554583054165,3.736619637068772,-0.5640786307367284,1
20.24071401291212,2.5764169925012554,-1.2803043986708944,1
24.476848257743082,4.378457447404067,0.8724573282801447,0
14.584328483179664,1.7756042385726831,0.650201177958661,0
8.11997118871828,-0.464907658637951,-0.09917586377938291,0
35.614783581275674,7.627969689373645,1.8466369960476658,1
10.38504401134512,-0.43332342245446354,-1.0700847663261526,0
11.142553997847116,-0.30677562077574594,-1.5255251709247388,1
19.94179056991049,3.1072016411375154,-0.6919080698812444,1
27.66145110275573,4.724796663685431,-0.045586016355497805,1
23.697885227776315,4.24295204186276,0.24333944932269183,1
13.205754799927595,1.1802975270330158,-0.24123605785632987,0
24.94850042236624,4.368720862625539,0.3520553965142968,1
18.310484724655424,1.7521081013135509,-1.251539424190444,1
19.30677535906139,2.817599794169722,1.4437646040732595,0
13.901143166624056,1.162092555420715,-0.0821511783925688,0
30.554959487306128,6.197223652396007,1.1172958315881276,1
26.05081435147264,4.835766560943057,0.34272534637770413,1
26.61770841861099,4.853189634697496,0.4567532191537839,1
20.548947237790475,3.859502438494926,0.5697672802322039,1
24.67357157460112,4.490059677890305,0.44770856001731496,1
20.102379214992165,2.7870190933584613,0.6427227598675439,1
21.365602293632605,4.172205459084037,1.3291525301324314,0
21.557241704908876,3.7236394623657727,0.19652116970147013,0
14.563649292035866,1.5893735043406627,0.7090037575885123,0
23.093882054069706,3.279468785251405,-0.08973569428722672,1
32.54086753086787,6.489282601884339,1.4401172154494728,1
23.748956974897574,4.238254181338579,-0.6763923020592697,1
22.60872038763153,4.253186033066075,1.8009404329108156,0
21.16859066869437,3.2475127447675884,-0.04015795064434341,1
10.703083137060911,-0.11508579559315546,-1.4307751021180481,1
24.581809239050997,4.29559475167429,0.12810441491078928,1
25.80321359290668,5.020498553931423,-0.6810516574748808,1
19.48435602140576,3.538323785447762,0.8406435489887241,0
21.119066379488366,2.9987850518627,-0.6526239793023909,1
15.587951067056258,1.6528071609448158,-0.4461834332147797,0
6.6594749392393116,-0.8454031003668986,-1.889540730945531,0
12.420933877361364,0.508526148866255,-0.4523063192490767,0
14.43080504803748,1.18746092573427,-2.4238793266289567,1
17.30288710168749,1.8499072878831695,-1.5839028234857233,1
27.795049721062764,5.158235236150103,0.7604146561442974,1
24.07639006739028,4.2033342106979985,0.7858001586508322,1
29.77982373597775,5.941694274612206,0.42545756178496474,1
20.626285948030297,3.2142385306392907,-0.966976143129213,1
13.930069801831086,1.3755121284197283,-0.047711356141979855,0
18.783403704257914,2.996421045046085,-0.0036025390905684044,0
8.548068036937696,-0.2351178721740213,-1.1583646891925428,0
20.242507717303287,3.473093960139689,1.5033983017671506,0
16.12040265628591,2.55634031838322,0.8773622905756714,0
9.201301811360134,-0.10251481383258709,-0.22096417382966393,0
17.250737923360333,2.511871138910002,0.02688583899453078,0
18.688108248253553,2.481429333582978,0.20838280794755248,1
2.885364152422626,-2.2910461339021984,-2.0417348684242906,0
8.599173551561586,-0.44635408285942857,-0.24717738252059693,0
13.152303323723292,0.8909539352124092,-0.6819842479977986,0
19.41626564878979,2.347249524885755,-1.0016200098949155,1
13.105194815605845,1.2516533474847036,-0.2811002928859549,0
19.758655431421975,3.653952095603707,1.7976865268495226,0
21.825047203148518,3.7890305384638743,0.6408428612670098,1
14.33560121542221,1.607601378872379,-0.5711789897827968,0
16.57304540316074,2.30832224032575,0.5725827813561586,0
